{
    "connections": [
        [
            0,
            1
        ],
        [
            2,
            0
        ],
        [
            2,
            3
        ],
        [
            3,
            2
        ]
    ],
    "nodes": [
        [
            0.5074999928474426,
            0.5066666603088379
        ],
        [
            0.7787500023841858,
            0.3466666638851166
        ],
        [
            0.5575000047683716,
            0.27666667103767395
        ],
        [
            0.2837499976158142,
            0.2800000011920929
        ]
    ]
}